region,sum_new_houses,pop_2000,new_housing_rate
South,103581,1752600,5.910133515919206
Central,134788,2646619,5.092837314324427
North,118606,4015131,2.9539758478615017
